adoption_quintile,retention_rate_next_month
1,0.5258333333333334
2,0.5466666666666666
3,0.5266666666666666
4,0.5791666666666667
5,0.6966666666666667
