channel,current_daily_spend,recommended_daily_spend,delta
Social,895.1356593406593,1062.7471858791216,167.61152653846227
Email,300.0371978021978,392.7584678021976,92.72126999999978
Affiliate,249.36164835164834,313.55329681318665,64.1916484615383
Search,1423.7664285714286,1455.8622528021988,32.09582423077018
Direct,0.0,0.0,0.0
Display,697.9017582417582,697.9017582417582,0.0
