channel,revenue,orders
Search,2581408.860990028,12799
Social,1646981.6731010005,8212
Display,1247733.074384872,6207
Email,545605.1902551487,2693
Affiliate,445096.5141986018,2202
