channel,ROAS_last,CAC_last,ROAS_mta,CAC_mta
Search,9.962002815662897,20.245760606297367,0.0,inf
Social,10.109473081285675,19.838613005358013,39.69455003063045,5.073169432939931
Display,9.823268320967687,20.463689382954726,0.0,inf
Email,9.991530175748332,20.27730040846639,0.0,inf
Affiliate,9.8073832083461,20.61027247956403,0.0,inf
